<?xml version="1.0" encoding="UTF-8" standalone="yes"?>
<addon id="ff-vdr-repository" name="ff-vdr-repository" version="19.4.100" provider-name="df">
	<extension point="xbmc.addon.repository">
		<dir>
			<info>https://durchflieger.github.io/ff-vdr-coreelec-n2-odroid-repo/19.4/addons.xml</info>
			<checksum>https://durchflieger.github.io/ff-vdr-coreelec-n2-odroid-repo/19.4/addons.xml.sha256</checksum>
			<datadir>https://durchflieger.github.io/ff-vdr-coreelec-n2-odroid-repo/19.4/</datadir>
			<hashes>sha256</hashes>
		</dir>
	</extension>
	<extension point="xbmc.addon.metadata">
		<platform>all</platform>
			<news></news>
			<assets>
				<icon>resources/icon.png</icon>
				<fanart>resources/fanart.png</fanart>
			</assets>
	</extension>
</addon>
