<?xml version="1.0" encoding="UTF-8" standalone="yes"?>
<addon id="ff-vdr-plugin-softhdodroid"
       name="ff-vdr-plugin-softhdodroid"
       version="19.4.100"
       provider-name="Team CoreELEC">
  <requires>
    <import addon="xbmc.python" version="3.0.0"/>

    <import addon="ff-vdr" version="0.0.0" />
  </requires>
  <extension point="xbmc.service" library="default.py">
    <provides>executable</provides>
  </extension>
  <extension point="xbmc.addon.metadata">
    <summary>A VDR video driver for Odroid hardware.</summary>
    <description>
A VDR video driver for Odroid hardware.
    </description>
    <disclaimer>

    </disclaimer>
    <platform>all</platform>
    <news>
100
- initial
    </news>
    <assets>
      <icon>resources/icon.png</icon>
      <fanart>resources/fanart.png</fanart>

    </assets>
  </extension>
</addon>
